USE counselor_student_system;

-- ----------------------------
-- Records of 院系
-- ----------------------------
INSERT INTO `院系` (`院系编号`, `院系名称`) VALUES
('CS', '计算机科学与技术学院'),
('MA', '数学与统计学院'),
('LA', '文学院');

-- ----------------------------
-- Records of 专业
-- ----------------------------
INSERT INTO `专业` (`专业编号`, `专业名称`, `院系编号`) VALUES
('8329', '计算机科学与技术', 'CS'),
('8330', '信息安全', 'CS'),
('8331', '物联网工程', 'CS'),
('1040', '统计学', 'MA'),
('1041', '应用数学', 'MA'),
('4750', '新闻学', 'LA'),
('4751', '汉语言文学', 'LA'),
('4752', '广告学', 'LA');

-- ----------------------------
-- Records of 辅导员
-- ----------------------------
INSERT INTO `辅导员` (`辅导员工号`, `姓名`, `性别`, `出生日期`, `手机号码`, `密码`) VALUES
('223807001', '张明', '男', '1985-06-15', '13800138001', '123456'),
('223807002', '李华', '女', '1988-03-20', '13800138002', '123456'),
('223807003', '王芳', '女', '1990-11-08', '13800138003', '123456'),
('223807004', '刘强', '男', '1987-09-25', '13800138004', '123456'),
('223807005', '陈静', '女', '1992-04-12', '13800138005', '123456');

-- ----------------------------
-- Records of 班级
-- ----------------------------
-- 计算机科学与技术学院
INSERT INTO `班级` (`专业编号`, `年级编号`, `班级编号`, `辅导员工号`) VALUES
('8329', '2023', '1', '223807001'),  -- 2023级计算机科学与技术1班
('8329', '2023', '2', '223807001'),  -- 2023级计算机科学与技术2班
('8330', '2023', '1', '223807002'),  -- 2023级信息安全1班
('8331', '2023', '1', '223807003'),  -- 2023级物联网工程1班
('8329', '2022', '1', '223807001');  -- 2022级计算机科学与技术1班

-- 数学与统计学院
INSERT INTO `班级` (`专业编号`, `年级编号`, `班级编号`, `辅导员工号`) VALUES
('1040', '2023', '1', '223807004');  -- 2023级统计学1班

-- 文学院
INSERT INTO `班级` (`专业编号`, `年级编号`, `班级编号`, `辅导员工号`) VALUES
('4751', '2023', '1', '223807005');  -- 2023级汉语言文学1班

-- ----------------------------
-- Records of 学生
-- ----------------------------
INSERT INTO `学生` (`学生学号`, `专业编号`, `年级编号`, `班级编号`, `姓名`, `性别`, `出生日期`, `手机号码`, `密码`) VALUES
-- 2023级计算机科学与技术1班
('202383290001', '8329', '2023', '1', '张三', '男', '2005-01-15', '13900139001', '123456'),
('202383290002', '8329', '2023', '1', '李四', '女', '2005-03-20', '13900139002', '123456'),
-- 2023级计算机科学与技术2班
('202383290003', '8329', '2023', '2', '王五', '男', '2005-05-10', '13900139003', '123456'),
('202383290004', '8329', '2023', '2', '赵六', '女', '2005-07-25', '13900139004', '123456'),
-- 2023级信息安全1班
('202383300001', '8330', '2023', '1', '孙七', '男', '2005-02-18', '13900139005', '123456'),
('202383300002', '8330', '2023', '1', '周八', '女', '2005-04-22', '13900139006', '123456'),
-- 2023级物联网工程1班
('202383310001', '8331', '2023', '1', '吴九', '男', '2005-06-30', '13900139007', '123456'),
('202383310002', '8331', '2023', '1', '郑十', '女', '2005-08-15', '13900139008', '123456'),
-- 2023级统计学1班
('202310400001', '1040', '2023', '1', '钱一', '男', '2005-03-05', '13900139009', '123456'),
('202310400002', '1040', '2023', '1', '孙二', '女', '2005-05-12', '13900139010', '123456'),
-- 2023级汉语言文学1班
('202347510001', '4751', '2023', '1', '李三', '男', '2005-07-20', '13900139011', '123456'),
('202347510002', '4751', '2023', '1', '周五', '女', '2005-09-28', '13900139012', '123456'),
-- 2022级计算机科学与技术1班
('202283290001', '8329', '2022', '1', '张一', '男', '2004-01-15', '13900139013', '123456'),
('202283290002', '8329', '2022', '1', '李二', '女', '2004-03-20', '13900139014', '123456');

-- ----------------------------
-- Records of 咨询
-- ----------------------------
INSERT INTO `咨询` (`Q编号`, `学生学号`, `类别`, `状态`, `提问标题`, `提问内容`, `提问时间`, `是否加精`) VALUES
('Q0001', '202383290001', '生活', '已解决', '如何申请助学金？', '请问如何申请助学金？', '2024-06-01 10:00:00', 1),
('Q0002', '202383290002', '学习', '未回复', '选课系统问题', '关于选课系统的问题', '2024-06-02 14:30:00', 0),
('Q0003', '202383300001', '其他', '仍需解决', '宿舍维修申请', '宿舍维修申请流程', '2024-06-03 09:15:00', 0);

-- ----------------------------
-- Records of 收藏
-- ----------------------------
INSERT INTO `收藏` (`Q编号`, `学生学号`) VALUES
('Q0001', '202383290002'),
('Q0001', '202383300001');

-- ----------------------------
-- Records of 回复
-- ----------------------------
INSERT INTO `回复` (`R编号`, `Q编号`, `回复内容`, `回复时间`) VALUES
('R0001', 'Q0001', '请登录学生事务系统，在"助学金申请"模块提交申请。', '2024-06-01 11:00:00'),
('R0002', 'Q0003', '请先向宿管报备，然后填写维修申请表。', '2024-06-03 10:00:00');

-- ----------------------------
-- Records of 追问
-- ----------------------------
INSERT INTO `追问` (`F编号`, `Q编号`, `追问内容`, `追问时间`) VALUES
('F0001', 'Q0001', '需要准备哪些材料？', '2024-06-01 11:30:00'),
('F0002', 'Q0003', '维修申请表在哪里下载？', '2024-06-03 10:30:00'); 